"","processid","sampleid","recordID","catalognum","fieldnum","institution_storing","collection_code","bin_uri","phylum_taxID","phylum_name","class_taxID","class_name","order_taxID","order_name","family_taxID","family_name","subfamily_taxID","subfamily_name","genus_taxID","genus_name","species_taxID","species_name","subspecies_taxID","subspecies_name","identification_provided_by","identification_method","identification_reference","tax_note","voucher_status","tissue_type","collection_event_id","collectors","collectiondate_start","collectiondate_end","collectiontime","collection_note","site_code","sampling_protocol","lifestage","sex","reproduction","habitat","associated_specimens","associated_taxa","extrainfo","notes","lat","lon","coord_source","coord_accuracy","elev","depth","elev_accuracy","depth_accuracy","country","province_state","region","sector","exactsite","image_ids","image_urls","media_descriptors","captions","copyright_holders","copyright_years","copyright_licenses","copyright_institutions","photographers","sequenceID","markercode","genbank_accession","nucleotides","trace_ids","trace_names","trace_links","run_dates","sequencing_centers","directions","seq_primers","marker_codes","poly"
"1","AMS170-08","I.38997-002",746466,"I.38997-002","","Australian Museum, Sydney",NA,"",18,"Chordata",77,"Actinopterygii",249,"Tetraodontiformes",1245,"Molidae",NA,NA,3871,"Mola",29489,"Mola mola",NA,NA,"Mark A. McGrouther","","(Linnaeus, 1758)",NA,"","",NA,"M. Goliath",NA,NA,NA,NA,NA,NA,"",NA,"",NA,NA,NA,"FAO-81","",-35.05,150.733,"",NA,NA,NA,NA,NA,"Australia","New South Wales","","","Off Jervis Bay",NA,"","",NA,NA,NA,"",NA,"",2820722,"COI-5P","","CCTATACCTAATTTTCGGTGCCTGAGCCGGAATAGTAGGCACAGCACTAAGCCTTCTTATTCGAGCCGAACTAAGCCAACCCGGCGCTCTTCTGGGCGACGACCAGATTTACAATGTAATCGTTACAGCCCACGCATTCGTAATGATTTTCTTTATAGTAATACCAATCATGATTGGAGGCTTTGGAAACTGATTAATTCCCCTTATGATCGGAGCCCCTGATATAGCCTTCCCCCGAATGAATAACATAAGCTTTTGACTTCTTCCCCCCTCTTTCCTCCTTCTACTCGCTTCTTCTGGAGTAGAGGCCGGAGCAGGAACGGGCTGAACTGTGTACCCCCCACTAGCAGGAAACCTTGCCCACGCAGGAGCTTCTGTAGACCTAACTATCTTCTCTCTACACCTTGCAGGTGTCTCATCCATCCTAGGGGCTATCAACTTCATTACAACAATTATTAACATAAAACCACCTGCGATCTCACAATACCAAACACCTCTCTTCGTATGGGCAGTTCTAATTACTGCTGTGCTTCTTCTTCTCTCCCTGCCAGTCCTCGCAGCGGGAATCACAATGCTTCTCACTGACCGAAACCTTAACACAACCTTCTTTGATCCCGCAGGCGGAGGGGACCCCATCCTTTACCAGCACCTA","949591|949592","AMS170-08_F.ab1|AMS170-08_R.ab1","http://trace.boldsystems.org/traceIO/bold.org/726842|http://trace.boldsystems.org/traceIO/bold.org/726843","2008-05-12 20:46:35|2008-05-21 10:48:47","Biodiversity Institute of Ontario|Biodiversity Institute of Ontario","F|R","M13F|M13R","COI-5P|COI-5P","Pacific, Southwest"
"2","AMS174-08","I.41536-002",746470,"I.41536-002","","Australian Museum, Sydney",NA,"BOLD:AAD0035",18,"Chordata",77,"Actinopterygii",249,"Tetraodontiformes",1245,"Molidae",NA,NA,3871,"Mola",29489,"Mola mola",NA,NA,"Kerryn Parkinson","","(Linnaeus, 1758)",NA,"","",NA,"Taronga Zoo - Larry Vogilnest",NA,NA,NA,NA,NA,NA,"",NA,"",NA,NA,NA,"FAO-81","",-35.717,151.3,"",NA,NA,NA,NA,NA,"Australia","New South Wales","","","Narrabeen Beach",NA,"","",NA,NA,NA,"",NA,"",2820721,"COI-5P","","CCTTTATTTAGTATTCGGTGCATGAGCCGGGATAGTGGGGACGGCCTTAAGCCTACTCATTCGAGCGGAGCTAAGTCAACCTGGCGCTCTTCTTGGAGACGACCAAATTTACAATGTCATCGTCACAGCACATGCATTTGTAATAATTTTCTTTATAGTAATACCAATTATGATCGGGGGCTTCGGAAACTGACTGATCCCTCTTATGATTGGGGCCCCCGATATGGCCTTCCCCCGAATGAATAATATGAGCTTTTGACTCTTGCCCCCCTCTTTTCTTCTCCTTCTTGCCTCCTCAGGCGTCGAAGCAGGTGCCGGAACAGGATGAACTGTATACCCCCCTTTAGCCGGAAACTTAGCCCACGCAGGCGCCTCTGTTGATTTAACAATCTTTTCCCTTCACCTGGCCGGTATCTCCTCAATTCTAGGGGCCATTAATTTTATCACAACAATTATTAACATGAAACCGCCTGCAATTTCGCAATACCAAACCCCCCTATTTGTATGGGCAGTCCTCATTACGGCAGTACTTCTTCTCCTCTCGCTTCCAGTTCTTGCAGCCGGAATCACGATGCTTCTTACGGATCGAAACCTTAACACTACCTTCTTCGACCCGGCAGGCGGAGGAGACCCAATCCTGTATCAACATCTC","949593|949594","AMS174-08_F.ab1|AMS174-08_R.ab1","http://trace.boldsystems.org/traceIO/bold.org/726844|http://trace.boldsystems.org/traceIO/bold.org/726845","2008-05-12 20:46:35|2008-05-21 10:48:47","Biodiversity Institute of Ontario|Biodiversity Institute of Ontario","F|R","M13F|M13R","COI-5P|COI-5P","Pacific, Southwest"
"3","ANGBF29549-19","MF158122",10127907,"personal:Marianne Nyegaard:NZ09","","Mined from GenBank, NCBI",NA,"BOLD:AAD0035",18,"Chordata",77,"Actinopterygii",249,"Tetraodontiformes",1245,"Molidae",NA,NA,3871,"Mola",NA,"",NA,NA,"","","",NA,"","",NA,"",NA,NA,NA,NA,NA,NA,"",NA,"",NA,NA,NA,"","",-43.8333,172.667,"",NA,NA,NA,NA,NA,"New Zealand","","","","",NA,"","",NA,NA,NA,"",NA,"",11528745,"COI-5P","MF158122","TTCGGTGCATGAGCCGGGATAGTGGGGACGGCCTTAAGCCTACTCATTCGAGCGGAGCTAAGTCAACCTGGCGCTCTTCTTGGAGACGACCAAATTTACAATGTCATCGTCACAGCACATGCATTTGTAATAATTTTCTTTATAGTAATACCAATTATGATCGGGGGCTTCGGAAACTGACTGATCCCTCTTATGATTGGGGCCCCCGATATGGCCTTCCCCCGAATGAATAATATGAGCTTTTGACTCTTGCCCCCCTCTTTTCTTCTCCTTCTTGCCTCCTCAGGCGTCGAAGCAGGTGCCGGAACAGGATGAACTGTATACCCCCCTTTAGCCGGAAACTTAGCCCACGCAGGCGCCTCTGTTGATTTAACAATCTTTTCCCTTCACCTGGCCGGTATCTCCTCAATTCTAGGGGCCATTAATTTTATCACAACAATTATTAACATGAAACCGCCTGCAATTTCGCAATACCAAACCCCCCTATTTGTATGGGCAGTCCTCATTACGGCAGTACTTCTTCTCCTCTCGCTTCCAGTTCTTGCAGCCGGAATCACGATGCTTCTTACGGATCGAAACCTTAACACTACCTTCTTCGACCCGGCAGGCGGAGGAGACCCAATCCTGTATCAACATCTCTTCTGATTCT","","","","","","","","","Pacific, Southwest"
"4","ANGBF46640-19","KF737070",10144998,"","","Mined from GenBank, NCBI",NA,"BOLD:AAD0034",18,"Chordata",77,"Actinopterygii",249,"Tetraodontiformes",1245,"Molidae",NA,NA,3871,"Mola",29489,"Mola mola",NA,NA,"","","(Linnaeus, 1758)",NA,"","",NA,"",NA,NA,NA,NA,NA,NA,"",NA,"",NA,NA,NA,"","",32.99,-117.27,"",NA,NA,NA,NA,NA,"US West Coast","","","","",NA,"","",NA,NA,NA,"",NA,"",11474494,"COI-5P","KF737070","TCAACCAACCACAAAGACATTGGCACCCTTTATTTAGTATTCGGTGCATGAGCCGGGATAGTGGGAACGGCCTTAAGCCTACTCATTCGAGCGGAACTAAGTCAACCTGGTGCTCTTCTTGGAGACGACCAAATTTACAATGTCATCGTCACAGCACATGCATTTGTAATAATTTTCTTTATAGTAATACCAATTATGATTGGGGGCTTCGGAAACTGACTGGTCCCTCTTATGATCGGGGCCCCCGATATGGCCTTCCCCCGAATGAACAATATAAGCTTTTGACTCTTACCCCCATCTTTTCTTCTCCTTCTTGCCTCCTCAGGCGTCGAAGCAGGTGCCGGAACAGGATGAACTGTATACCCCCCTTTAGCCGGAAACTTAGCCCATGCAGGCGCCTCTGTTGATTTAACAATCTTTTCCCTTCACCTAGCCGGCATCTCCTCAATTCTAGGGGCCATTAATTTTATCACAACGATCATTAACATGAAACCGCCTGCGATTTCACAATACCAGACCCCCCTGTTTGTATGGGCGGTCCTCATTACAGCAGTACTTCTTCTCCTCTCGCTTCCAGTCCTTGCAGCTGGGATTACGATGCTTCTTACAGATCGAAACCTTAACACCACTTTCTTCGACCCGGCAGGCGGAGGAGATCCAATTCTATATCAACATCTCTTCTGATTCTTTGGCCACC","","","","","","","","","blank"
"5","ANGBF46642-19","MF158117",10145000,"","","Mined from GenBank, NCBI",NA,"BOLD:ADK1672",18,"Chordata",77,"Actinopterygii",249,"Tetraodontiformes",1245,"Molidae",NA,NA,3871,"Mola",798701,"Mola sp. A MN-2017",NA,NA,"","","",NA,"","",NA,"",NA,NA,NA,NA,NA,NA,"",NA,"",NA,NA,NA,"","",32.5692,172.353,"",NA,NA,NA,NA,NA,"Northwest Pacific","","","","",NA,"","",NA,NA,NA,"",NA,"",11528743,"COI-5P","MF158117","TTCGGTGCATGAGCCGGGATAGTGGGGACGGCCTTAAGCCTACTCATTCGAGCGGAACTAAGTCAACCTGGCGCTCTTCTTGGAGACGACCAAATTTACAATGTCATCGTCACAGCACATGCATTTGTAATAATTTTCTTTATAGTAATACCAATTATGATCGGGGGCTTCGGAAACTGGCTGATCCCTCTTATGATTGGGGCCCCCGATATGGCCTTCCCCCGAATGAATAATATGAGCTTTTGACTCTTACCCCCCTCTTTTCTTCTCCTTCTTGCCTCCTCAGGCGTCGAAGCAGGTGCTGGAACAGGATGAACTGTATACCCCCCTTTAGCCGGAAACTTAGCCCACGCAGGCGCCTCTGTTGATTTAACAATCTTTTCCCTTCACCTAGCCGGTATCTCCTCAATTCTAGGGGCCATTAATTTTATCACAACAATTATTAACATGAAACCGCCTGCAATTTCGCAATACCAAACCCCCCTGTTTGTATGGGCAGTCCTCATTACGGCAGTACTTCTTCTCCTATCGCTTCCAGTTCTTGCAGCCGGAATCACGATGCTTCTTACAGATCGAAACCTTAACACCACCTTCTTCGACCCGGCAGGAGGAGGGGACCCAATCCTGTATCAACATCTCTTCTGATTCT","","","","","","","","","Pacific, Nothwest"
"6","ANGBF46643-19","MF158118",10145001,"","","Mined from GenBank, NCBI",NA,"BOLD:ADK1672",18,"Chordata",77,"Actinopterygii",249,"Tetraodontiformes",1245,"Molidae",NA,NA,3871,"Mola",798701,"Mola sp. A MN-2017",NA,NA,"","","",NA,"","",NA,"",NA,NA,NA,NA,NA,NA,"",NA,"",NA,NA,NA,"","",-37.7283,174.168,"",NA,NA,NA,NA,NA,"New Zealand","","","","",NA,"","",NA,NA,NA,"",NA,"",11528744,"COI-5P","MF158118","TTCGGTGCATGAGCCGGGATAGTGGGGACGGCCTTAAGCCTACTCATTCGAGCGGAACTAAGTCAACCTGGCGCTCTTCTTGGAGACGACCAAATTTACAATGTCATCGTCACAGCACATGCATTTGTAATAATTTTCTTTATAGTAATACCAATTATGATCGGGGGCTTCGGAAACTGGCTGATCCCTCTTATGATTGGGGCCCCCGATATGGCCTTCCCCCGAATGAATAATATGAGCTTTTGACTCTTACCCCCCTCTTTTCTTCTCCTTCTTGCCTCCTCAGGCGTCGAAGCAGGTGCTGGAACAGGATGAACTGTATACCCCCCTTTAGCCGGAAACTTAGCCCACGCAGGCGCCTCTGTTGATTTAACAATCTTTTCCCTTCACCTAGCCGGTATCTCCTCAATTCTAGGGGCCATTAATTTTATCACAACAATTATTAACATGAAACCGCCTGCAATTTCGCAATACCAAACCCCCCTGTTTGTATGGGCAGTCCTCATTACGGCAGTACTTCTTCTCCTATCGCTTCCAGTTCTTGCAGCCGGAATCACGATGCTTCTTACAGATCGAAACCTTAACACCACCTTCTTCGACCCGGCAGGAGGAGGGGACCCAATCCTGTATCAACATCTCTTCTGATTCT","","","","","","","","","Pacific, Southwest"
"7","ANGBF46644-19","MF158125",10145002,"","","Mined from GenBank, NCBI",NA,"BOLD:AAD0034",18,"Chordata",77,"Actinopterygii",249,"Tetraodontiformes",1245,"Molidae",NA,NA,3871,"Mola",964146,"Mola sp. B",NA,NA,"","","",NA,"","",NA,"",NA,NA,NA,NA,NA,NA,"",NA,"",NA,NA,NA,"","",-46.4167,169.783,"",NA,NA,NA,NA,NA,"New Zealand","","","","",NA,"","",NA,NA,NA,"",NA,"",11528746,"COI-5P","MF158125","TTCGGTGCATGAGCCGGGATAGTGGGAACGGCCTTAAGCCTACTCATTCGAGCGGAACTAAGTCAACCTGGTGCTCTTCTTGGAGACGACCAAATTTACAATGTCATCGTCACAGCACATGCATTTGTAATAATTTTCTTTATAGTAATACCAATTATGATTGGGGGCTTCGGAAACTGACTGGTCCCTCTTATGATCGGGGCCCCCGATATGGCCTTCCCCCGAATGAACAATATAAGCTTTTGACTCTTGCCCCCATCTTTTCTTCTACTTCTTGCCTCCTCAGGCGTCGAAGCAGGTGCCGGAACAGGATGAACTGTATACCCCCCTTTAGCCGGAAACTTAGCCCATGCAGGCGCCTCTGTTGATTTAACAATCTTTTCCCTTCACCTAGCCGGCATCTCCTCAATTCTAGGGGCCATTAATTTTATCACAACGATCATTAACATGAAACCGCCTGCGATTTCACAATACCAGACCCCCCTGTTTGTATGGGCGGTCCTCATTACAGCAGTACTTCTTCTCCTCTCGCTTCCAGTCCTTGCAGCTGGGATTACGATGCTTCTTACAGATCGAAACCTTAACACCACTTTCTTCGACCCGGCAGGCGGAGGAGATCCAATTCTATATCAACATCTCTTCTGATTCT","","","","","","","","","blank"
"8","FCFPW158-06","FCFOPB077-08",210596,"MB85-005183","B077-08","Universidade de Lisboa, Museu Bocage",NA,"BOLD:AAD0034",18,"Chordata",77,"Actinopterygii",249,"Tetraodontiformes",1245,"Molidae",NA,NA,3871,"Mola",29489,"Mola mola",NA,NA,"Rogelia Martins","","(Linnaeus, 1758)",NA,"","",NA,"Joao Pastor",NA,NA,NA,NA,NA,NA,"A",NA,"S",NA,NA,NA,"Grade C, 07-10-2011 ML: FAO-27","",41.03,-9.98,"",NA,NA,81,NA,NA,"Portugal","","","","",NA,"","",NA,NA,NA,"",NA,"",2929741,"COI-5P","JQ775088","CCTTTATTTAGTATTCGGTGCATGAGCCGGGATAGTGGGAACGGCCTTAAGCCTACTCATTCGAGCGGAACTAAGTCAACCTGGTGCTCTTCTTGGAGACGACCAAATTTACAATGTCATCGTCACAGCACATGCATTTGTAATAATTTTCTTTATAGTAATACCAATTATGATTGGGGGTTTCGGAAACTGACTGGTCCCTCTTATGATCGGGGCCCCCGATATGGCCTTCCCCCGAATGAACAATATAAGCTTTTGACTCTTGCCCCCATCTTTTCTTCTCCTTCTTGCCTCCTCAGGCGTCGAAGCAGGTGCCGGAACAGGATGAACTGTATACCCCCCTTTAGCCGGAAACTTAGCCCATGCAGGCGCCTCTGTTGATTTAACAATCTTTTCCCTTCACCTAGCCGGCATCTCCTCAATTCTAGGGGCCATTAATTTTATCACAACGATCATTAACATGAAACCGCCTGCGATTTCACAATACCAGACCCCCCTGTTTGTATGGGCAGTCCTCATTACAGCAGTACTTCTTCTCCTCTCGCTTCCAGTCCTTGCAGCTGGGATTACGATGCTTCTTACAGATCGAAACCTTAACACCACTTTCTTCGACCCGGCAGGCGGAGGAGATCCAATTCTATATCAACATCTC","395266|395267","FCFPW158-06~F_F06.ab1|FCFPW158-06~R_F06.ab1","http://trace.boldsystems.org/traceIO/bold.org/202910|http://trace.boldsystems.org/traceIO/bold.org/202911","2006-06-04 00:37:30|2006-06-04 03:21:00","Biodiversity Institute of Ontario|Biodiversity Institute of Ontario","F|R","M13F|M13R","COI-5P|COI-5P","North Atlantic"
"9","FCFPW216-06","FCFOPB090-01",210654,"MB85-005178","B090-01","Universidade de Lisboa, Museu Bocage",NA,"BOLD:AAD0034",18,"Chordata",77,"Actinopterygii",249,"Tetraodontiformes",1245,"Molidae",NA,NA,3871,"Mola",29489,"Mola mola",NA,NA,"Rogelia Martins","","(Linnaeus, 1758)",NA,"","",NA,"Joao Pastor",NA,NA,NA,NA,NA,NA,"A",NA,"S",NA,NA,NA,"Grade C, 07-10-2011 ML: FAO-27","",39.7,-9.39,"",NA,NA,76,NA,NA,"Portugal","","","","",NA,"","",NA,NA,NA,"",NA,"",2929740,"COI-5P","JQ775087","CCTTTATTTAGTATTCGGTGCATGAGCCGGGATAGTGGGAACGGCCTTAAGCCTACTCATTCGAGCGGAACTAAGTCAACCTGGTGCTCTTCTTGGAGACGACCAAATTTACAATGTCATCGTCACAGCACATGCATTTGTAATAATTTTCTTTATAGTAATACCAATTATGATTGGGGGTTTCGGAAACTGACTGGTCCCTCTTATGATCGGGGCCCCCGATATGGCCTTCCCCCGAATGAACAATATAAGCTTTTGACTCTTGCCCCCATCTTTTCTTCTCCTTCTTGCCTCCTCAGGCGTCGAAGCAGGTGCCGGAACAGGATGAACTGTATACCCCCCTTTAGCCGGAAACTTAGCCCATGCAGGCGCCTCTGTTGATTTAACAATCTTTTCCCTTCACCTAGCCGGCATCTCCTCAATTCTAGGGGCCATTAATTTTATCACAACGATCATTAACATGAAACCGCCTGCGATTTCACAATACCAGACCCCCCTGTTTGTATGGGCAGTCCTCATTACAGCAGTACTTCTTCTCCTCTCGCTTCCAGTCCTTGCAGCTGGGATTACGATGCTTCTTACAGATCGAAACCTTAACACCACTTTCTTCGACCCGGCAGGCGGAGGAGATCCAATTCTATATCAACATCTC","398811|398812","FCFPW216-06~F_C06.ab1|FCFPW216-06~R_C06.ab1","http://trace.boldsystems.org/traceIO/bold.org/206441|http://trace.boldsystems.org/traceIO/bold.org/206442","2006-07-07 21:02:50|2006-07-07 23:46:15","Biodiversity Institute of Ontario|Biodiversity Institute of Ontario","F|R","M13F|M13R","COI-5P|COI-5P","North Atlantic"
"10","FMVIC396-08","MFG#396",746699,"A25071-001","","Museum Victoria, Australia",NA,"BOLD:AAD0034",18,"Chordata",77,"Actinopterygii",249,"Tetraodontiformes",1245,"Molidae",NA,NA,3871,"Mola",29489,"Mola mola",NA,NA,"","","(Linnaeus, 1758)",NA,"","",NA,"",NA,NA,NA,NA,NA,NA,"",NA,"",NA,NA,NA,"FAO-57","",-38.65,145.683,"",NA,NA,NA,NA,NA,"Australia","Victoria","","","Inverloch surf beach on edge of Bunurong Marine Pa",NA,"","",NA,NA,NA,"",NA,"",2755243,"COI-5P","","CCTTTATTTAGTATTCGGTGCATGAGCCGGGATAGTGGGAACGGCCTTAAGCCTACTCATTCGAGCGGAACTAAGTCAACCTGGTGCTCTTCTTGGAGACGACCAAATTTACAATGTCATCGTCACAGCACATGCATTTGTAATAATTTTCTTTATAGTAATACCAATTATGATTGGGGGCTTCGGAAACTGACTGGTCCCTCTTATGATCGGGGCCCCCGATATGGCCTTCCCCCGAATGAACAATATAAGCTTTTGACTCTTGCCCCCATCTTTTCTTCTACTTCTTGCCTCCTCAGGCGTCGAAGCAGGTGCCGGAACAGGATGAACTGTATACCCCCCTTTAGCCGGAAACTTAGCCCATGCAGGCGCCTCTGTTGATTTAACAATCTTTTCCCTTCACCTAGCCGGCATCTCCTCAATTCTAGGGGCCATTAATTTTATCACAACGATCATTAACATGAAACCGCCTGCGATTTCACAATACCAGACCCCCCTGTTTGTATGGGCGGTCCTCATTACAGCAGTACTTCTTCTCCTCTCGCTTCCAGTCCTTGCAGCGGGGATTACGATGCTTCTTACAGATCGAAACCTTAACACCACTTTCTTCGACCCGGCAGGCGGAGGAGATCCAATTCTATATCAACATCTC","947961|947960","FMVIC396-08_R.ab1|FMVIC396-08_F.ab1","http://trace.boldsystems.org/traceIO/bold.org/725318|http://trace.boldsystems.org/traceIO/bold.org/725317","2008-05-21 12:37:20|2008-05-13 23:29:08","Biodiversity Institute of Ontario|Biodiversity Institute of Ontario","R|F","M13R|M13F","COI-5P|COI-5P","Indian Ocean, Eastern"
"11","FOAO2277-20","BW-A15340",11873229,"NMV unreg","GT 12941","Museum Victoria, Australia",NA,"BOLD:AAD0035",18,"Chordata",77,"Actinopterygii",249,"Tetraodontiformes",1245,"Molidae",NA,NA,3871,"Mola",990924,"Mola tecta",NA,NA,"John J Pogonoski","","",NA,"","",NA,"",NA,NA,NA,NA,NA,NA,"",NA,"",NA,NA,NA,"","",-32.3241,137.471,"",NA,NA,NA,NA,NA,"Australia","South Australia","Indian Ocean","","Upper Spencer Gulf, Port Augusta Power Station - c",NA,"","",NA,NA,NA,"",NA,"",13213585,"COI-5P","","AAGATATCGGCACCCTTTATTTAGTATTCGGTGCATGAGCCGGGATAGTGGGGACGGCCTTAAGCCTACTCATTCGAGCGGAGCTAAGTCAACCTGGCGCTCTTCTTGGAGACGACCAAATTTACAATGTCATCGTCACAGCACATGCATTTGTAATAATTTTCTTTATAGTAATACCAATTATGATCGGGGGCTTCGGAAACTGACTGATCCCTCTTATGATTGGGGCCCCCGATATGGCCTTCCCCCGAATGAATAATATGAGCTTTTGACTCTTGCCCCCCTCTTTTCTTCTCCTTCTTGCCTCCTCAGGCGTCGAAGCAGGTGCCGGAACAGGATGAACTGTATACCCCCCTTTAGCCGGAAACTTAGCCCACGCAGGCGCCTCTGTTGATTTAACAATCTTTTCCCTTCACCTGGCCGGTATCTCCTCAATTCTAGGGGCCATTAATTTTATCACAACAATTATTAACATGAAACCGCCTGCAATTTCGCAATACCAAACCCCCCTATTTGTATGGGCAGTCCTCATTACGGCAGTACTTCTTCTCCTCTCGCTTCCAGTTCTTGCAGCCGGAATCACGATGCTTCTTACGGATCGAAACCTTAACACTACCTTCTTCGACCCGGCAGGCGGAGGAGACCCAATCCTGTATCAACATCTCTTCTGATTCTTCGGTCACCCC","","","","","","","","","blank"
"12","GBGCA8530-15","KJ128550",5636791,"NRM:1566::NRM:49229","KJ128550","Mined from GenBank, NCBI",NA,"BOLD:AAD0034",18,"Chordata",77,"Actinopterygii",249,"Tetraodontiformes",1245,"Molidae",NA,NA,3871,"Mola",29489,"Mola mola",NA,NA,"","","(Linnaeus, 1758)",NA,"","",NA,"Palmkvist, K",NA,NA,NA,NA,NA,NA,"",NA,"",NA,NA,NA,"taxon:94237","tissue sample annotated in bio_material qualifier",56.15,12.5667,"",NA,NA,NA,NA,NA,"Sweden","","","","",NA,"","",NA,NA,NA,"",NA,"",7220965,"COI-5P","KJ128550","TTAGTATTCGGTGCATGAGCCGGGATAGTGGGAACGGCCTTAAGCCTACTCATTCGAGCGGAACTAAGTCAACCTGGCGCTCTTCTTGGAGACGACCAAATTTACAATGTCATCGTCACAGCACATGCATTTGTAATAATTTTCTTTATAGTAATACCAATTATGATTGGGGGTTTCGGAAACTGACTGGTCCCTCTTATGATCGGGGCCCCCGATATGGCCTTCCCCCGAATGAACAATATAAGCTTTTGACTCTTGCCCCCTTCTTTTCTTCTCCTTCTTGCCTCCTCAGGCGTCGAAGCAGGTGCCGGAACAGGATGAACTGTATACCCCCCTTTAGCCGGAAACTTAGCCCATGCAGGCGCCTCTGTTGATTTAACAATCTTTTCCCTTCACCTAGCCGGCATCTCCTCAATTCTAGGGGCCATTAATTTTATCACAACGATCATTAACATGAAACCGCCTGCGATTTCACAATACCAGACCCCCCTGTTTGTATGGGCAGTCCTCATTACAGCAGTACTTCTTCTCCTCTCGCTTCCAGTCCTTGCAGCTGGGATTACGATGCTTCTTACAGATCGAAACCTTAACACCACTTTCTTCGACCCGGCAGGCGGAGGAGATCCAATTCTATATCAACATCTC","","","","","","","","","Kattegat"
"13","GBMIN122614-17","MF158129",8467512,"","MF158129","Mined from GenBank, NCBI",NA,"BOLD:ADK1672",18,"Chordata",77,"Actinopterygii",249,"Tetraodontiformes",1245,"Molidae",NA,NA,3871,"Mola",NA,"",NA,NA,"","","",NA,"","",NA,"",NA,NA,NA,NA,NA,NA,"",NA,"",NA,NA,NA,"","",-45.761,170.697,"",NA,NA,NA,NA,NA,"New Zealand","","","","",NA,"","",NA,NA,NA,"",NA,"",9850429,"COI-5P","MF158129","TTCGGTGCATGAGCCGGGATAGTGGGGACGGCCTTAAGCCTACTCATTCGAGCGGAACTAAGTCAACCTGGTGCTCTTCTTGGAGACGACCAAATTTACAATGTCATCGTCACAGCACATGCATTTGTAATAATTTTCTTTATAGTAATACCAATTATGATCGGGGGCTTCGGAAACTGGCTGATCCCTCTTATGATTGGGGCCCCCGATATGGCCTTCCCCCGAATGAATAATATGAGCTTTTGACTCTTACCCCCCTCTTTTCTTCTCCTTCTTGCCTCCTCAGGCGTCGAAGCAGGTGCTGGAACAGGATGAACTGTATACCCCCCTTTAGCCGGAAACTTAGCCCACGCAGGCGCCTCTGTTGATTTAACAATCTTTTCCCTTCACCTAGCCGGTATCTCCTCAATTCTAGGGGCCATTAATTTTATCACAACAATTATTAACATGAAACCGCCTGCAATTTCGCAATACCAAACCCCCCTGTTTGTATGGGCAGTCCTCATTACGGCAGTACTTCTTCTCCTATCGCTTCCAGTTCTTGCAGCCGGAATCACGATGCTTCTTACAGATCGAAACCTTAACACCACCTTCTTCGACCCGGCAGGAGGAGGGGACCCAATCCTGTATCAACATCTCTTCTGATTCT","","","","","","","","","Pacific, Southwest"
"14","GBMIN127324-17","MF158116",8481505,"","MF158116","Mined from GenBank, NCBI",NA,"BOLD:ADK1672",18,"Chordata",77,"Actinopterygii",249,"Tetraodontiformes",1245,"Molidae",NA,NA,3871,"Mola",798701,"Mola sp. A MN-2017",NA,NA,"","","",NA,"","",NA,"",NA,NA,NA,NA,NA,NA,"",NA,"",NA,NA,NA,"","",-35.667,176.883,"",NA,NA,NA,NA,NA,"New Zealand","","","","",NA,"","",NA,NA,NA,"",NA,"",9850423,"COI-5P","MF158116","TTCGGTGCATGAGCCGGGATAGTGGGGACGGCCTTAAGCCTACTCATTCGAGCGGAACTAAGTCAACCTGGCGCTCTTCTTGGAGACGACCAAATTTACAATGTCATCGTCACAGCACATGCATTTGTAATAATTTTCTTTATAGTAATACCAATTATGATCGGGGGCTTCGGAAACTGGCTGATCCCTCTTATGATTGGGGCCCCCGATATGGCCTTCCCCCGAATGAATAATATGAGCTTTTGACTCTTACCCCCCTCTTTTCTTCTCCTTCTTGCCTCCTCAGGCGTCGAAGCAGGTGCTGGAACAGGATGAACTGTATACCCCCCTTTAGCCGGAAACTTAGCCCACGCAGGCGCCTCTGTTGATTTAACAATCTTTTCCCTTCACCTAGCCGGTATCTCCTCAATTCTAGGGGCCATTAATTTTATCACAACAATTATTAACATGAAACCGCCTGCAATTTCGCAATACCAAACCCCCCTGTTTGTATGGGCAGTCCTCATTACGGCAGTACTTCTTCTCCTATCGCTTCCAGTTCTTGCAGCCGGAATCACGATGCTTCTTACAGATCGAAACCTTAACACCACCTTCTTCGACCCGGCAGGAGGAGGGGACCCAATCCTGTATCAACATCTCTTCTGATTCT","","","","","","","","","Pacific, Southwest"
"15","GBMIN127325-17","MF158121",8481506,"","MF158121","Mined from GenBank, NCBI",NA,"BOLD:AAD0035",18,"Chordata",77,"Actinopterygii",249,"Tetraodontiformes",1245,"Molidae",NA,NA,3871,"Mola",NA,"",NA,NA,"","","",NA,"","",NA,"",NA,NA,NA,NA,NA,NA,"",NA,"",NA,NA,NA,"","",-43.833,172.667,"",NA,NA,NA,NA,NA,"New Zealand","","","","",NA,"","",NA,NA,NA,"",NA,"",9850425,"COI-5P","MF158121","TTCGGTGCATGAGCCGGGATAGTGGGGACGGCCTTAAGCCTACTCATTCGAGCGGAGCTAAGTCAACCTGGCGCTCTTCTTGGAGACGACCAAATTTACAATGTCATCGTCACAGCACATGCATTTGTAATAATTTTCTTTATAGTAATACCAATTATGATCGGGGGCTTCGGAAACTGACTGATCCCTCTTATGATTGGGGCCCCCGATATGGCCTTCCCCCGAATGAATAATATGAGCTTTTGACTCTTGCCCCCCTCTTTTCTTCTCCTTCTTGCCTCCTCAGGCGTCGAAGCAGGTGCCGGAACAGGATGAACTGTATACCCCCCTTTAGCCGGAAACTTAGCCCACGCAGGCGCCTCTGTTGATTTAACAATCTTTTCCCTTCACCTGGCCGGTATCTCCTCAATTCTAGGGGCCATTAATTTTATCACAACAATTATTAACATGAAACCGCCTGCAATTTCGCAATACCAAACCCCCCTATTTGTATGGGCAGTCCTCATTACGGCAGTACTTCTTCTCCTCTCGCTTCCAGTTCTTGCAGCCGGAATCACGATGCTTCTTACGGATCGAAACCTTAACACTACCTTCTTCGACCCGGCAGGCGGAGGAGACCCAATCCTGTATCAACATCTCTTCTGATTCT","","","","","","","","","Pacific, Southwest"
"16","GBMIN127326-17","MF158123",8481507,"","MF158123","Mined from GenBank, NCBI",NA,"BOLD:AAD0035",18,"Chordata",77,"Actinopterygii",249,"Tetraodontiformes",1245,"Molidae",NA,NA,3871,"Mola",NA,"",NA,NA,"","","",NA,"","",NA,"",NA,NA,NA,NA,NA,NA,"",NA,"",NA,NA,NA,"","",-43.828,172.73,"",NA,NA,NA,NA,NA,"New Zealand","","","","",NA,"","",NA,NA,NA,"",NA,"",9850426,"COI-5P","MF158123","TTCGGTGCATGAGCCGGGATAGTGGGGACGGCCTTAAGCCTACTCATTCGAGCGGAGCTAAGTCAACCTGGCGCTCTTCTTGGAGACGACCAAATTTACAATGTCATCGTCACAGCACATGCATTTGTAATAATTTTCTTTATAGTAATACCAATTATGATCGGGGGCTTCGGAAACTGACTGATCCCTCTTATGATTGGGGCCCCCGATATGGCCTTCCCCCGAATGAATAATATGAGCTTTTGACTCTTGCCCCCCTCTTTTCTTCTCCTTCTTGCCTCCTCAGGCGTCGAAGCAGGTGCCGGAACAGGATGAACTGTATACCCCCCTTTAGCCGGAAACTTAGCCCACGCAGGCGCCTCTGTTGATTTAACAATCTTTTCCCTTCACCTGGCCGGTATCTCCTCAATTCTAGGGGCCATTAATTTTATCACAACAATTATTAACATGAAACCGCCTGCAATTTCGCAATACCAAACCCCCCTATTTGTATGGGCAGTCCTCATTACGGCAGTACTTCTTCTCCTCTCGCTTCCAGTTCTTGCAGCCGGAATCACGATGCTTCTTACGGATCGAAACCTTAACACTACCTTCTTCGACCCGGCAGGCGGAGGAGACCCAATCCTGTATCAACATCTCTTCTGATTCT","","","","","","","","","Pacific, Southwest"
"17","GBMIN127327-17","MF158124",8481508,"","MF158124","Mined from GenBank, NCBI",NA,"BOLD:AAD0035",18,"Chordata",77,"Actinopterygii",249,"Tetraodontiformes",1245,"Molidae",NA,NA,3871,"Mola",NA,"",NA,NA,"","","",NA,"","",NA,"",NA,NA,NA,NA,NA,NA,"",NA,"",NA,NA,NA,"","",-43.833,172.667,"",NA,NA,NA,NA,NA,"New Zealand","","","","",NA,"","",NA,NA,NA,"",NA,"",9850427,"COI-5P","MF158124","TTCGGTGCATGAGCCGGGATAGTGGGGACGGCCTTAAGCCTACTCATTCGAGCGGAGCTAAGTCAACCTGGCGCTCTTCTTGGAGACGACCAAATTTACAATGTCATCGTCACAGCACATGCATTTGTAATAATTTTCTTTATAGTAATACCAATTATGATCGGGGGCTTCGGAAACTGACTGATCCCTCTTATGATTGGGGCCCCCGATATGGCCTTCCCCCGAATGAATAATATGAGCTTTTGACTCTTGCCCCCCTCTTTTCTTCTCCTTCTTGCCTCCTCAGGCGTCGAAGCAGGTGCCGGAACAGGATGAACTGTATACCCCCCTTTAGCCGGAAACTTAGCCCACGCAGGCGCCTCTGTTGATTTAACAATCTTTTCCCTTCACCTGGCCGGTATCTCCTCAATTCTAGGGGCCATTAATTTTATCACAACAATTATTAACATGAAACCGCCTGCAATTTCGCAATACCAAACCCCCCTATTTGTATGGGCAGTCCTCATTACGGCAGTACTTCTTCTCCTCTCGCTTCCAGTTCTTGCAGCCGGAATCACGATGCTTCTTACGGATCGAAACCTTAACACTACCTTCTTCGACCCGGCAGGCGGAGGAGACCCAATCCTGTATCAACATCTCTTCTGATTCT","","","","","","","","","Pacific, Southwest"
"18","GBMIN133155-17","MF158128",8490379,"","MF158128","Mined from GenBank, NCBI",NA,"BOLD:AAD0035",18,"Chordata",77,"Actinopterygii",249,"Tetraodontiformes",1245,"Molidae",NA,NA,3871,"Mola",NA,"",NA,NA,"","","",NA,"","",NA,"",NA,NA,NA,NA,NA,NA,"",NA,"",NA,NA,NA,"","",-35.15,176.5,"",NA,NA,NA,NA,NA,"New Zealand","","","","",NA,"","",NA,NA,NA,"",NA,"",9850428,"COI-5P","MF158128","TTCGGTGCATGAGCCGGGATAGTGGGGACGGCCTTAAGCCTACTCATTCGAGCGGAGCTAAGTCAACCTGGCGCTCTTCTTGGAGACGACCAAATTTACAATGTCATCGTCACAGCACATGCATTTGTAATAATTTTCTTTATAGTAATACCAATTATGATCGGGGGCTTCGGAAACTGACTGATCCCTCTTATGATTGGGGCCCCCGATATGGCCTTCCCCCGAATGAATAATATGAGCTTTTGACTCTTGCCCCCCTCTTTTCTTCTCCTTCTTGCCTCCTCAGGCGTCGAAGCAGGTGCCGGAACAGGATGAACTGTATACCCCCCTTTAGCCGGAAACTTAGCCCACGCAGGCGCCTCTGTTGATTTAACAATCTTTTCCCTTCACCTGGCCGGTATCTCCTCAATTCTAGGGGCCATTAATTTTATCACAACAATTATTAACATGAAACCGCCTGCAATTTCGCAATACCAAACCCCCCTATTTGTATGGGCAGTCCTCATTACGGCAGTACTTCTTCTCCTCTCGCTTCCAGTTCTTGCAGCCGGAATCACGATGCTTCTTACGGATCGAAACCTTAACACTACCTTCTTCGACCCGGCAGGCGGAGGAGACCCAATCCTGTATCAACATCTCTTCTGATTCT","","","","","","","","","Pacific, Southwest"
"19","GBMIN97864-17","MF158119",8438245,"","MF158119","Mined from GenBank, NCBI",NA,"BOLD:AAD0035",18,"Chordata",77,"Actinopterygii",249,"Tetraodontiformes",1245,"Molidae",NA,NA,3871,"Mola",NA,"",NA,NA,"","","",NA,"","",NA,"",NA,NA,NA,NA,NA,NA,"",NA,"",NA,NA,NA,"","",-33.51,151.12,"",NA,NA,NA,NA,NA,"Australia","","New South Wales","","",NA,"","",NA,NA,NA,"",NA,"",9739594,"COI-5P","MF158119","TTCGGTGCATGAGCCGGGATAGTGGGGACGGCCTTAAGCCTACTCATTCGAGCGGAGCTAAGTCAACCTGGCGCTCTTCTTGGAGACGACCAAATTTACAATGTCATCGTCACAGCACATGCATTTGTAATAATTTTCTTTATAGTAATACCAATTATGATCGGGGGCTTCGGAAACTGACTGATCCCTCTTATGATTGGGGCCCCCGATATGGCCTTCCCCCGAATGAATAATATGAGCTTTTGACTCTTGCCCCCCTCTTTTCTTCTCCTTCTTGCCTCCTCAGGCGTCGAAGCAGGTGCCGGAACAGGATGAACTGTATACCCCCCTTTAGCCGGAAACTTAGCCCACGCAGGCGCCTCTGTTGATTTAACAATCTTTTCCCTTCACCTGGCCGGTATCTCCTCAATTCTAGGGGCCATTAATTTTATCACAACAATTATTAACATGAAACCGCCTGCAATTTCGCAATACCAAACCCCCCTATTTGTATGGGCAGTCCTCATTACGGCAGTACTTCTTCTCCTCTCGCTTCCAGTTCTTGCAGCCGGAATCACGATGCTTCTTACGGATCGAAACCTTAACACTACCTTCTTCGACCCGGCAGGCGGAGGAGACCCAATCCTGTATCAACATCTCTTCTGATTCT","","","","","","","","","blank"
"20","GBMIN97865-17","MF158126",8438246,"","MF158126","Mined from GenBank, NCBI",NA,"BOLD:AAD0035",18,"Chordata",77,"Actinopterygii",249,"Tetraodontiformes",1245,"Molidae",NA,NA,3871,"Mola",NA,"",NA,NA,"","","",NA,"","",NA,"",NA,NA,NA,NA,NA,NA,"",NA,"",NA,NA,NA,"","",-41.538,170.937,"",NA,NA,NA,NA,NA,"New Zealand","","Tasman Sea vs. Tasman","","",NA,"","",NA,NA,NA,"",NA,"",9739595,"COI-5P","MF158126","TTCGGTGCATGAGCCGGGATAGTGGGGACGGCCTTAAGCCTACTCATTCGAGCGGAGCTAAGTCAACCTGGCGCTCTTCTTGGAGACGACCAAATTTACAATGTCATCGTCACAGCACATGCATTTGTAATAATTTTCTTTATAGTAATACCAATTATGATCGGGGGCTTCGGAAACTGACTGATCCCTCTTATGATTGGGGCCCCCGATATGGCCTTCCCCCGAATGAATAATATGAGCTTTTGACTCTTGCCCCCCTCTTTTCTTCTCCTTCTTGCCTCCTCAGGCGTCGAAGCAGGTGCCGGAACAGGATGAACTGTATACCCCCCTTTAGCCGGAAACTTAGCCCACGCAGGCGCCTCTGTTGATTTAACAATCTTTTCCCTTCACCTGGCCGGTATCTCCTCAATTCTAGGGGCCATTAATTTTATCACAACAATTATTAACATGAAACCGCCTGCAATTTCGCAATACCAAACCCCCCTATTTGTATGGGCAGTCCTCATTACGGCAGTACTTCTTCTCCTCTCGCTTCCAGTTCTTGCAGCCGGAATCACGATGCTTCTTACGGATCGAAACCTTAACACTACCTTCTTCGACCCGGCAGGCGGAGGAGACCCAATCCTGTATCAACATCTCTTCTGATTCT","","","","","","","","","Pacific, Southwest"
"21","GBMIN97866-17","MF158127",8438247,"","MF158127","Mined from GenBank, NCBI",NA,"BOLD:AAD0035",18,"Chordata",77,"Actinopterygii",249,"Tetraodontiformes",1245,"Molidae",NA,NA,3871,"Mola",NA,"",NA,NA,"","","",NA,"","",NA,"",NA,NA,NA,NA,NA,NA,"",NA,"",NA,NA,NA,"","",-39.783,178.417,"",NA,NA,NA,NA,NA,"New Zealand","","","","",NA,"","",NA,NA,NA,"",NA,"",9739596,"COI-5P","MF158127","TTCGGTGCATGAGCCGGGATAGTGGGGACGGCCTTAAGCCTACTCATTCGAGCGGAGCTAAGTCAACCTGGCGCTCTTCTTGGAGACGACCAAATTTACAATGTCATCGTCACAGCACATGCATTTGTAATAATTTTCTTTATAGTAATACCAATTATGATCGGGGGCTTCGGAAACTGACTGATCCCTCTTATGATTGGGGCCCCCGATATGGCCTTCCCCCGAATGAATAATATGAGCTTTTGACTCTTGCCCCCCTCTTTTCTTCTCCTTCTTGCCTCCTCAGGCGTCGAAGCAGGTGCCGGAACAGGATGAACTGTATACCCCCCTTTAGCCGGAAACTTAGCCCACGCAGGCGCCTCTGTTGATTTAACAATCTTTTCCCTTCACCTGGCCGGTATCTCCTCAATTCTAGGGGCCATTAATTTTATCACAACAATTATTAACATGAAACCGCCTGCAATTTCGCAATACCAAACCCCCCTATTTGTATGGGCAGTCCTCATTACGGCAGTACTTCTTCTCCTCTCGCTTCCAGTCCTTGCAGCCGGAATCACGATGCTTCTTACGGATCGAAACCTTAACACTACCTTCTTCGACCCGGCAGGCGGAGGAGACCCAATCCTGTATCAACATCTCTTCTGATTCT","","","","","","","","","Pacific, Southwest"
"22","GBMIN97867-17","MF158130",8438248,"","MF158130","Mined from GenBank, NCBI",NA,"BOLD:AAD0035",18,"Chordata",77,"Actinopterygii",249,"Tetraodontiformes",1245,"Molidae",NA,NA,3871,"Mola",NA,"",NA,NA,"","","",NA,"","",NA,"",NA,NA,NA,NA,NA,NA,"",NA,"",NA,NA,NA,"","",-45.782,170.711,"",NA,NA,NA,NA,NA,"New Zealand","","","","",NA,"","",NA,NA,NA,"",NA,"",9739597,"COI-5P","MF158130","TTCGGTGCATGAGCCGGGATAGTGGGGACGGCCTTAAGCCTACTCATTCGAGCGGAGCTAAGTCAACCTGGCGCTCTTCTTGGAGACGACCAAATTTACAATGTCATCGTCACAGCACATGCATTTGTAATAATTTTCTTTATAGTAATACCAATTATGATCGGGGGCTTCGGAAACTGACTGATCCCTCTTATGATTGGGGCCCCCGATATGGCCTTCCCCCGAATGAATAATATGAGCTTTTGACTCTTGCCCCCCTCTTTTCTTCTCCTTCTTGCCTCCTCAGGCGTCGAAGCAGGTGCCGGAACAGGATGAACTGTATACCCCCCTTTAGCCGGAAACTTAGCCCACGCAGGCGCCTCTGTTGATTTAACAATCTTTTCCCTTCACCTGGCCGGTATCTCCTCAATTCTAGGGGCCATTAATTTTATCACAACAATTATTAACATGAAACCGCCTGCAATTTCGCAATACCAAACCCCCCTATTTGTATGGGCAGTCCTCATTACGGCAGTACTTCTTCTCCTCTCGCTTCCAGTCCTTGCAGCCGGAATCACGATGCTTCTTACGGATCGAAACCTTAACACTACCTTCTTCGACCCGGCAGGCGGAGGAGACCCAATCCTGTATCAACATCTCTTCTGATTCT","","","","","","","","","Pacific, Southwest"
"23","TCHE024-12","NH-54",2687792,"NH-54","NH-54","Coastal Marine Biolabs",NA,"BOLD:AAD0034",18,"Chordata",77,"Actinopterygii",249,"Tetraodontiformes",1245,"Molidae",NA,NA,3871,"Mola",29489,"Mola mola",NA,NA,"Milton Love","Morphology","(Linnaeus, 1758)",NA,"To Be Vouchered:Holdup/Private","Gill",NA,"Allison Wren, Nicole Arce",NA,NA,NA,NA,NA,NA,"Adult",NA,"S",NA,NA,NA,"","Gill tissue obtained from specimen was deposited in the Ocean Genome Resource of Ocean Genome Legacy (Ipswich, MA). We gratefully acknowledge Denver Coleman, Megan Fentress, and the captain and crew of F/V Bluefin (Oxnard, CA) for their assistance during the collection.",34.0024,-119.388,"GPS",NA,NA,0,NA,NA,"US West Coast","California","Santa Barbara Channel","","",1677230,"http://www.boldsystems.org/pics/TCHE/NH-54+1341282455.jpg","Lateral",NA,NA,NA,"No Rights Reserved",NA,"Linda Santschi",4582318,"COI-5P","JX438518","CCTTAAGCCTACTCATTCGAGCGGAACTAAGTCAACCTGGTGCTCTTCTTGGAGACGACCAAATTTACAATGTCATCGTCACAGCACATGCATTTGTAATAATTTTCTTTATAGTAATACCAATTATGATTGGGGGCTTCGGAAACTGACTGGTCCCTCTTATGATCGGGGCCCCCGATATGGCCTTCCCCCGAATGAACAATATAAGCTTTTGACTCTTGCCCCCATCTTTTCTTCTACTTCTTGCCTCCTCAGGCGTCGAAGCAGGTGCCGGAACAGGATGAACTGTATACCCCCCTTTAGCCGGAAACTTAGCCCATGCAGGCGCCTCTGTTGATTTAACAATCTTTTCCCTTCACCTAGCCGGCATCTCCTCAATTCTAGGGGCCATTAATTTTATCACAACGATCATTAACATGAAACCGCCTGCGATTTCACAATACCAGACCCCCCTGTTTGTATGGGCGGTCCTCATTACAGCAGTACTTCTTCTCCTCTCGCTTCCAGTCCTTGCAGCTGGGATTACGATGCTTCTTACAGATCGAAACCTTAACACCACTTTCTTCGACCCGGCAGGCGGAGGAGATCCAATTCTATATCAACATCTCTTCT","4276916|4276917","NH54-F_M13F-20.ab1|NH54-R_M13R.ab1","http://trace.boldsystems.org/traceIO/bold.org/6124796|http://trace.boldsystems.org/traceIO/bold.org/6124797","2012-07-06 14:11:37|2012-07-06 14:11:37","Coastal Marine Biolabs|Coastal Marine Biolabs","F|R","C_FishR1t1|C_FishR1t1","COI-5P|COI-5P","Pacific, Eastern Central"
